/*
 Navicat Premium Data Transfer

 Source Server         : mysql
 Source Server Type    : MySQL
 Source Server Version : 50723
 Source Host           : localhost:3306
 Source Schema         : spring_boot_movie

 Target Server Type    : MySQL
 Target Server Version : 50723
 File Encoding         : 65001

 Date: 21/02/2019 17:47:34
*/

SET NAMES utf8mb4;
SET FOREIGN_KEY_CHECKS = 0;

-- ----------------------------
-- Table structure for friendly_link
-- ----------------------------
DROP TABLE IF EXISTS `friendly_link`;
CREATE TABLE `friendly_link`  (
  `id` int(11) NOT NULL AUTO_INCREMENT COMMENT '友情链接id',
  `name` varchar(500) CHARACTER SET utf8 COLLATE utf8_general_ci NULL DEFAULT NULL COMMENT '友情链接名',
  `sort` int(11) NULL DEFAULT NULL COMMENT '排序比重',
  `url` varchar(500) CHARACTER SET utf8 COLLATE utf8_general_ci NULL DEFAULT NULL COMMENT '链接网址',
  PRIMARY KEY (`id`) USING BTREE
) ENGINE = InnoDB AUTO_INCREMENT = 3 CHARACTER SET = utf8 COLLATE = utf8_general_ci COMMENT = '友情链接表' ROW_FORMAT = Dynamic;

-- ----------------------------
-- Records of friendly_link
-- ----------------------------
INSERT INTO `friendly_link` VALUES (1, '个人Github', 1, 'https://github.com/lkmc2');
INSERT INTO `friendly_link` VALUES (2, '个人简书', 2, 'https://www.jianshu.com/u/287e5a8fdd2b');

-- ----------------------------
-- Table structure for manager
-- ----------------------------
DROP TABLE IF EXISTS `manager`;
CREATE TABLE `manager`  (
  `id` int(11) NOT NULL AUTO_INCREMENT COMMENT '管理员id',
  `username` varchar(200) CHARACTER SET utf8 COLLATE utf8_general_ci NULL DEFAULT NULL COMMENT '用户名',
  `password` varchar(200) CHARACTER SET utf8 COLLATE utf8_general_ci NULL DEFAULT NULL COMMENT '密码',
  PRIMARY KEY (`id`) USING BTREE
) ENGINE = InnoDB AUTO_INCREMENT = 1 CHARACTER SET = utf8 COLLATE = utf8_general_ci COMMENT = '管理员表' ROW_FORMAT = Dynamic;

-- ----------------------------
-- Table structure for movie
-- ----------------------------
DROP TABLE IF EXISTS `movie`;
CREATE TABLE `movie`  (
  `id` int(11) NOT NULL AUTO_INCREMENT COMMENT '电影id',
  `content` text CHARACTER SET utf8 COLLATE utf8_general_ci NULL COMMENT '电影介绍',
  `hot` int(11) NULL DEFAULT NULL COMMENT '热度',
  `image_name` varchar(300) CHARACTER SET utf8 COLLATE utf8_general_ci NULL DEFAULT NULL COMMENT '图片名',
  `name` varchar(200) CHARACTER SET utf8 COLLATE utf8_general_ci NULL DEFAULT NULL COMMENT '电影名',
  `publish_date` datetime(0) NULL DEFAULT NULL COMMENT '发布日期',
  `title` varchar(500) CHARACTER SET utf8 COLLATE utf8_general_ci NULL DEFAULT NULL COMMENT '电影标题',
  PRIMARY KEY (`id`) USING BTREE
) ENGINE = InnoDB AUTO_INCREMENT = 64 CHARACTER SET = utf8 COLLATE = utf8_general_ci COMMENT = '电影表' ROW_FORMAT = Dynamic;

-- ----------------------------
-- Records of movie
-- ----------------------------
INSERT INTO `movie` VALUES (39, '<p>导演: 郭子健<br />\r\n编剧: 郭子健 / 今何在 / 黄海 / 范文文 / 黄智亨<br />\r\n主演: 彭于晏 / 倪妮 / 余文乐 / 俞飞鸿 / 欧豪 / 更多...<br />\r\n类型: 剧情 / 动作 / 奇幻<br />\r\n制片国家/地区: 中国大陆<br />\r\n语言: 汉语普通话<br />\r\n上映日期: 2017-07-13(中国大陆)<br />\r\n片长: 123分钟<br />\r\n又名: Wukong</p>\r\n\r\n<p><img alt=\"\" src=\"/static/movieImage/20170828085005.jpg\" style=\"height:600px; width:428px\" title=\"悟空传 百度云下载 迅雷下载 图1\" /></p>\r\n\r\n<p>&nbsp;</p>\r\n\r\n<p>悟空传的剧情简介 &middot; &middot; &middot; &middot; &middot; &middot;<br />\r\n　　这不是西游记的任何章节，这是悟空的故事，彼时孙悟空（彭于晏 饰）还不是震撼天地的齐天大圣，他只是只桀傲不驯的猴子。天庭毁掉他的花果山以掌控众生命运，他便决心跟天庭对抗，毁掉一切戒律。在天庭，孙悟空遇到不能爱的阿紫（倪妮 饰），一生的宿敌杨戬（余文乐 饰），和思念昔日爱人阿月（郑爽 饰）的天蓬（欧豪 饰），他们的身份注定永生相杀，但其实不甘命运摆布的又何止孙悟空一人？却没想到反抗却带来更大的浩劫。他们所做的一切，究竟是不知天高地厚的热血轻狂，还是无奈宿命难改的压抑绝望？难道命运真的早已注定？悟空不服，他再次挥动金箍棒，要让这诸佛都烟消云散！</p>\r\n\r\n<p>&nbsp;</p>\r\n\r\n<p><img alt=\"\" src=\"/static/movieImage/20170828085037.jpg\" style=\"height:810px; width:716px\" title=\"悟空传 百度云下载 迅雷下载 图2\" /></p>\r\n\r\n<p>&nbsp;</p>\r\n\r\n<p>&nbsp;</p>\r\n', 1, '20170828085046.jpg', '悟空传', '2017-08-28 20:50:46', '悟空传 百度云下载 迅雷下载');
INSERT INTO `movie` VALUES (40, '<p>导演: 詹姆斯&middot;古恩<br />\r\n编剧: 詹姆斯&middot;古恩 / 丹&middot;阿布内特 / 安迪&middot;兰宁<br />\r\n主演: 克里斯&middot;普拉特 / 佐伊&middot;索尔达娜 / 戴夫&middot;巴蒂斯塔 / 范&middot;迪塞尔 / 布莱德利&middot;库珀 / 更多...<br />\r\n类型: 动作 / 科幻 / 冒险<br />\r\n制片国家/地区: 美国<br />\r\n语言: 英语<br />\r\n上映日期: 2017-05-05(中国大陆/美国) / 2017-04-19(洛杉矶首映)<br />\r\n片长: 136分钟<br />\r\n又名: 星际异攻队2(台) / 银河守护队2(港) / 银护2 / Guardians of the Galaxy 2</p>\r\n\r\n<p><img alt=\"\" src=\"/static/movieImage/20170828085513.jpg\" style=\"height:599px; width:428px\" title=\"银河护卫队2 百度云下载 迅雷下载 图1\" /></p>\r\n\r\n<p><br />\r\n银河护卫队2的剧情简介 &middot; &middot; &middot; &middot; &middot; &middot;<br />\r\n　　火箭浣熊（布莱德利&middot;库珀 Bradley Cooper 饰）偷走了大祭司阿耶莎（伊丽莎白&middot;德比齐 Elizabeth Debicki 饰）的能量电池，包括星爵（克里斯&middot;帕拉特 Chris Pratt 饰）、卡魔拉（佐伊&middot;索尔达娜 Zoe Saldana 饰）、德拉克斯（戴夫&middot;巴蒂斯塔 Dave Bautista 饰）在内的一行人遭到了后者派出的舰队的袭击。一个神秘人物乘坐着飞船救下了银河护卫队的众人，而驾驶着飞船的不是别人，竟然正是星爵的亲生父亲伊戈（库尔特&middot;拉塞尔 Kurt Russell 饰）。&nbsp;<br />\r\n　　在伊戈的带领下，星爵、卡魔拉和德拉克斯来到了由伊戈一手制造的星球上，而剩下的成员们则着手修复损坏的飞船。那边厢，阿耶莎委托勇度（迈克尔&middot;鲁克 Michael Rooker 饰）抓住星爵替自己报仇，而卡魔拉亦渐渐发现了伊戈和善面目下隐藏的巨大阴谋。</p>\r\n\r\n<p>&nbsp;</p>\r\n\r\n<p><img alt=\"\" src=\"/static/movieImage/20170828085540.jpg\" style=\"height:607px; width:717px\" title=\"银河护卫队2 百度云下载 迅雷下载 图2\" /></p>\r\n\r\n<p>&nbsp;</p>\r\n\r\n<p>&nbsp;</p>\r\n', 1, '20170828085549.jpg', '银河护卫队2', '2017-08-28 20:55:49', '银河护卫队2 百度云下载 迅雷下载');
INSERT INTO `movie` VALUES (41, '<p>导演: S&middot;S&middot;拉贾穆里<br />\r\n编剧: 曼孔布&middot;戈帕拉克里希南 / 马德汉&middot;卡尔基 / C&middot;H&middot;维杰&middot;库马尔 / 马努杰&middot;芒塔希尔 / 维杰耶德拉&middot;普拉萨德 / S&middot;S&middot;拉贾穆里<br />\r\n主演: 帕拉巴斯 / 拉纳&middot;达格巴提 / 安努舒卡&middot;谢蒂 / 特曼娜&middot;芭蒂亚 / 萨伯拉杰 / 更多...<br />\r\n类型: 剧情 / 动作 / 战争 / 奇幻 / 冒险<br />\r\n官方网站: baahubali.com<br />\r\n制片国家/地区: 印度<br />\r\n语言: 泰卢固语 / 泰米尔语 / 印地语 / 马拉雅拉姆语<br />\r\n上映日期: 2017-04-28(印度)<br />\r\n片长: 167分钟<br />\r\n又名: 巴霍巴利王：磅礴终章(台) / 巴霍巴利王(下) / 巴霍巴利王2 / 巴霍巴利王：结局 / Baahubali: Part II / Baahubali 2: The Conclusion</p>\r\n\r\n<p>&nbsp;</p>\r\n\r\n<p><img alt=\"\" src=\"/static/movieImage/20170828090220.jpg\" style=\"height:597px; width:398px\" title=\"巴霍巴利王(下) 百度云下载 迅雷下载 图1\" /></p>\r\n\r\n<p>巴霍巴利王(下)：终结的剧情简介 &middot; &middot; &middot; &middot; &middot; &middot;<br />\r\n　　同蛮族的大战以摩喜施末底的胜利而告终，根据战场上的表现，希瓦伽米太后（拉姆亚&middot;克里希南饰）选择了养子阿玛兰德拉&middot;巴霍巴利（帕拉巴斯饰）作为王国的王储。在加冕典礼之前太后交给巴霍巴利的最后一项任务是游历王国，体察臣民的疾苦，理解&#39;臣民的审判&#39;。同时，太后还竭尽全力满足自己的亲子巴拉拉德夫德斯（纳拉&middot;达古巴提饰）的各种需求，希望能够克制他的贪婪，平衡兄弟的关系。&nbsp;<br />\r\n　　巴霍巴利经过一个叫昆达拉的诸侯小国时，偶遇美丽绝伦、剑术高超的提婆犀那公主（安努舒卡&middot;谢蒂饰），立刻惊为天人，无以自拔。同行的卡塔帕将军（萨蒂亚拉吉饰）灵机一动，让巴霍巴利装成傻子去接近公主，在妙趣横生的交往中，感情在慢慢滋生。这时，希瓦伽米太后派人来到昆达拉为子提亲，遭到提婆犀那的拒绝。一个夜晚，蛮族忽然入侵昆达拉，王国命运危在旦夕，这时巴霍巴利有如天兵天将，凭借其盖世武功将敌军击退。正在此时，盛怒之下的希瓦伽米太后给巴霍巴利发来讯息，要将提婆犀那以囚犯的身份抓回国内。&nbsp;<br />\r\n　　巴霍巴利回到国内后，形势陡然而变，太后将如何制裁对自己不敬的提婆犀那？巴拉拉德夫德斯会接受自己的失败吗？巴霍巴利是如何走到生命的终点？这一切都要在二十五年后由卡塔帕向阿玛兰德拉&middot;巴霍巴利之子&mdash;&mdash;摩哂陀&middot;巴霍巴利（帕拉巴斯饰）娓娓道来。而摩哂陀面对着空前强大的敌人，要为这段故事、这段历史书写结局。</p>\r\n\r\n<p><img alt=\"\" src=\"/static/movieImage/20170828090253.jpg\" style=\"height:606px; width:715px\" title=\"巴霍巴利王(下) 百度云下载 迅雷下载 图2\" /></p>\r\n\r\n<p>&nbsp;</p>\r\n', 1, '20170828090300.jpg', '巴霍巴利王(下)', '2017-08-28 21:03:00', '巴霍巴利王(下) 百度云下载 迅雷下载');
INSERT INTO `movie` VALUES (42, '<p>导演: 雷德利&middot;斯科特<br />\r\n编剧: 迈克尔&middot;格林 / 约翰&middot;洛根 / 杰克&middot;帕格恩<br />\r\n主演: 迈克尔&middot;法斯宾德 / 凯瑟琳&middot;沃特斯顿 / 比利&middot;克鲁德普 / 丹尼&middot;麦克布莱德 / 德米安&middot;比齐尔 / 更多...<br />\r\n类型: 科幻 / 惊悚 / 恐怖<br />\r\n官方网站: www.foxmovies.com/movies/alien-covenant<br />\r\n制片国家/地区: 美国<br />\r\n语言: 英语<br />\r\n上映日期: 2017-06-16(中国大陆) / 2017-05-10(法国) / 2017-05-19(美国)<br />\r\n片长: 122分钟 / 116分钟(中国大陆)<br />\r\n又名: 异形：圣约(港/台) / 神奇异形在哪里(豆友译名) / 已开：大勺(豆友译名) / 异形：失乐园 / 普罗米修斯2 / Prometheus 2 / Alien: Paradise Lost</p>\r\n\r\n<p><img alt=\"\" src=\"/static/movieImage/20170828091340.jpg\" style=\"height:598px; width:419px\" title=\"异形：契约 迅雷下载 百度云下载 图1\" /><br />\r\n异形：契约的剧情简介 &middot; &middot; &middot; &middot; &middot; &middot;<br />\r\n　　故事发生在一艘名为&ldquo;契约&rdquo;的殖民太空船之上，飞船上搭载了两千名进入沉睡的殖民者，他们的目的地是遥远的欧米伽六号行星，希望能够在那里建立新的家园。一场意外的发生令契约号的能量收集帆遭到了破坏，船长布兰森（詹姆斯&middot;弗兰科 James Franco 饰）亦不幸身亡。作为代理船长的欧朗（比利&middot;克鲁德普 Billy Crudup 饰）带领着惊恐而又悲伤的船员们降落到了一颗未知的神秘星球上。&nbsp;<br />\r\n　　在这里，他们遇见了仿生人大卫（迈克尔&middot;法斯宾德 Michael Fassbender 饰），大卫热情的接纳了人类的到来，并讲述了他和已故的肖博士（劳米&middot;拉佩斯 Noomi Rapace 饰）在这里生活的经历。就在大卫渐渐赢得了船员们的信任的同时，大家已经一步一步的走入了前者为他们精心打造的地狱之中。</p>\r\n\r\n<p><img alt=\"\" src=\"/static/movieImage/20170828091414.jpg\" style=\"height:608px; width:717px\" title=\"异形：契约 迅雷下载 百度云下载 图2\" /></p>\r\n\r\n<p>&nbsp;</p>\r\n', 1, '20170828091421.jpg', '异形：契约', '2017-08-28 21:14:21', '异形：契约 迅雷下载 百度云下载');
INSERT INTO `movie` VALUES (43, '<p>导演: 吴京<br />\r\n编剧: 吴京 / 董群 / 刘毅<br />\r\n主演: 吴京 / 弗兰克&middot;格里罗 / 吴刚 / 张翰 / 卢靖姗 / 更多...<br />\r\n类型: 动作<br />\r\n制片国家/地区: 中国大陆<br />\r\n语言: 汉语普通话 / 英语<br />\r\n上映日期: 2017-07-27(中国大陆)<br />\r\n片长: 123分钟<br />\r\n又名: 新战狼 / 新战死沙场 / Wolf Warriors 2</p>\r\n\r\n<p>&nbsp;</p>\r\n\r\n<p>预告片：</p>\r\n\r\n<p><object classid=\"clsid:d27cdb6e-ae6d-11cf-96b8-444553540000\" codebase=\"http://download.macromedia.com/pub/shockwave/cabs/flash/swflash.cab#version=6,0,40,0\" height=\"500\" width=\"700\"><param name=\"allowFullScreen\" value=\"true\" /><param name=\"quality\" value=\"high\" /><param name=\"movie\" value=\"http://player.youku.com/player.php/sid/XMjg4NjY3MjA4NA==/v.swf\" /><embed allowfullscreen=\"true\" height=\"500\" pluginspage=\"http://www.macromedia.com/go/getflashplayer\" quality=\"high\" src=\"http://player.youku.com/player.php/sid/XMjg4NjY3MjA4NA==/v.swf\" type=\"application/x-shockwave-flash\" width=\"700\"></embed></object></p>\r\n\r\n<p>&nbsp;</p>\r\n\r\n<p><img alt=\"\" src=\"/static/movieImage/20170828091916.jpg\" style=\"height:538px; width:353px\" title=\"战狼2 迅雷下载 百度云下载 图1\" /></p>\r\n\r\n<p>战狼2的剧情简介 &middot; &middot; &middot; &middot; &middot; &middot;<br />\r\n　　故事发生在非洲附近的大海上，主人公冷锋（吴京 饰）遭遇人生滑铁卢，被&ldquo;开除军籍&rdquo;，本想漂泊一生的他，正当他打算这么做的时候，一场突如其来的意外打破了他的计划，突然被卷入了一场非洲国家叛乱，本可以安全撤离，却因无法忘记曾经为军人的使命，孤身犯险冲回沦陷区，带领身陷屠杀中的同胞和难民，展开生死逃亡。随着斗争的持续，体内的狼性逐渐复苏，最终孤身闯入战乱区域，为同胞而战斗。</p>\r\n\r\n<p>&nbsp;</p>\r\n\r\n<p><img alt=\"\" src=\"/static/movieImage/20170828091929.jpg\" style=\"height:1149px; width:750px\" title=\"战狼2 迅雷下载 百度云下载 图2\" /></p>\r\n\r\n<p>&nbsp;</p>\r\n\r\n<p><img alt=\"\" src=\"/static/movieImage/20170828091946.jpg\" style=\"height:467px; width:700px\" title=\"战狼2 迅雷下载 百度云下载 图3\" /></p>\r\n\r\n<p>&nbsp;</p>\r\n\r\n<p><img alt=\"\" src=\"/static/movieImage/20170828092011.jpg\" style=\"height:350px; width:700px\" title=\"战狼2 迅雷下载 百度云下载 图4\" /></p>\r\n\r\n<p>&nbsp;</p>\r\n\r\n<p>&nbsp;</p>\r\n', 1, '20170828092204.jpg', '战狼2', '2017-08-28 21:22:04', '战狼2 迅雷下载 百度云下载');
INSERT INTO `movie` VALUES (44, '<p>导演: 迈克尔&middot;艾普特<br />\r\n编剧: Peter O&#39;Brien<br />\r\n主演: 劳米&middot;拉佩斯 / 奥兰多&middot;布鲁姆 / 托妮&middot;科莱特 / 迈克尔&middot;道格拉斯 / 约翰&middot;马尔科维奇 / 更多...<br />\r\n类型: 动作 / 惊悚<br />\r\n制片国家/地区: 英国<br />\r\n语言: 英语 / 达利语 / 德语<br />\r\n上映日期: 2017-09-22(中国大陆) / 2017-05-05(英国)<br />\r\n片长: 98分钟<br />\r\n又名: 解密 / 全面封锁(台) / 恐袭解码(港)</p>\r\n\r\n<p><img alt=\"\" src=\"/static/movieImage/20170828103552.jpg\" style=\"height:599px; width:424px\" title=\"惊天解密 迅雷下载 百度云下载 图1\" /></p>\r\n\r\n<p>&nbsp;</p>\r\n\r\n<p>惊天解密的剧情简介 &middot; &middot; &middot; &middot; &middot; &middot;<br />\r\n　　前中情局高级审讯官艾丽斯&middot;拉辛（拉佩斯 饰）在一次反恐任务中，未能及时发现恐怖分子的阴谋，而致数十名百姓无辜丧生，自责的她选择退出中情局。但习惯了正常生活的艾丽斯却被突然召回，要求协助破解要案，委派她从嫌犯口中审讯出重要的恐袭线索。&nbsp;<br />\r\n　　然而就在审讯有所斩获时，她接到一通上级的电话，致使她心生疑惑。种种迹象表明，中情局有内鬼，艾丽斯也被迫开始了她孤胆&ldquo;解密&rdquo;之旅，就在她身陷重围时，杰克&middot;奥尔科特（奥兰多&middot;布鲁姆 饰）挺身而出营救下艾丽斯，面对接踵而至的杀手、亦敌亦友的杰克，艾丽斯决定主动出击，完成这攸关数百万人生命的&ldquo;惊天解密&rdquo;任务。</p>\r\n\r\n<p><img alt=\"\" src=\"/static/movieImage/20170828103652.jpg\" style=\"height:811px; width:716px\" title=\"惊天解密 迅雷下载 百度云下载 图2\" /></p>\r\n\r\n<p>&nbsp;</p>\r\n', 1, '20170828103722.jpg', '惊天解密', '2017-08-28 22:37:22', '惊天解密 迅雷下载 百度云下载');
INSERT INTO `movie` VALUES (45, '<p>导演: 吕克&middot;贝松<br />\r\n编剧: 吕克&middot;贝松 / 皮埃尔&middot;克里斯汀 / 让-克劳德&middot;梅济耶尔<br />\r\n主演: 戴恩&middot;德哈恩 / 卡拉&middot;迪瓦伊 / 克里夫&middot;欧文 / 蕾哈娜 / 伊桑&middot;霍克 / 更多...<br />\r\n类型: 动作 / 科幻 / 冒险<br />\r\n制片国家/地区: 法国<br />\r\n语言: 英语<br />\r\n上映日期: 2017-08-25(中国大陆) / 2017-07-20(德国) / 2017-07-26(法国)<br />\r\n片长: 137分钟<br />\r\n又名: 瓦莱里安与一千颗行星的城市 / 星际特工瓦雷诺：千星之城(台) / Val&eacute;rian / Valerian</p>\r\n\r\n<p>预告片：</p>\r\n\r\n<p><object classid=\"clsid:d27cdb6e-ae6d-11cf-96b8-444553540000\" codebase=\"http://download.macromedia.com/pub/shockwave/cabs/flash/swflash.cab#version=6,0,40,0\" height=\"500\" width=\"700\"><param name=\"allowFullScreen\" value=\"true\" /><param name=\"quality\" value=\"high\" /><param name=\"movie\" value=\"http://player.video.qiyi.com/cc49852be8ebc5e39cad1abe19d2a49b/0/0/w_19ru2t2jit.swf-albumId=8039338809-tvId=8039338809-isPurchase=0-cnId=7\" /><embed allowfullscreen=\"true\" height=\"500\" pluginspage=\"http://www.macromedia.com/go/getflashplayer\" quality=\"high\" src=\"http://player.video.qiyi.com/cc49852be8ebc5e39cad1abe19d2a49b/0/0/w_19ru2t2jit.swf-albumId=8039338809-tvId=8039338809-isPurchase=0-cnId=7\" type=\"application/x-shockwave-flash\" width=\"700\"></embed></object></p>\r\n\r\n<p>&nbsp;</p>\r\n\r\n<p><img alt=\"\" src=\"/static/movieImage/20170828104209.jpg\" style=\"height:597px; width:398px\" title=\"星际特工：千星之城 迅雷下载 百度云下载 图1\" /></p>\r\n\r\n<p>星际特工：千星之城的剧情简介 &middot; &middot; &middot; &middot; &middot; &middot;<br />\r\n　　故事设定在28世纪，人类发现了如何进行时空旅行。Valerian（戴恩&middot;德哈恩 Dane DeHaan 饰）和Laureline（卡拉&middot;迪瓦伊 Cara Delevingne 饰）是&ldquo;时空服务&rdquo;的特工，负责保护地球帝国的行星。他们像往常一样执行着星际任务，但在执行一次任务时，他们偶然发现了一个秘密，而他们也被卷入其中，越陷越深&hellip;&hellip;</p>\r\n', 1, '20170828104340.jpg', '星际特工：千星之城', '2017-08-28 22:43:40', '星际特工：千星之城 迅雷下载 百度云下载');
INSERT INTO `movie` VALUES (46, '<p>导演: 埃德加&middot;赖特<br />\r\n编剧: 埃德加&middot;赖特<br />\r\n主演: 安塞尔&middot;艾尔高特 / 凯文&middot;史派西 / 杰米&middot;福克斯 / 乔恩&middot;哈姆 / 艾莎&middot;冈萨雷斯 / 更多...<br />\r\n类型: 动作 / 音乐 / 犯罪<br />\r\n制片国家/地区: 英国 / 美国<br />\r\n语言: 英语<br />\r\n上映日期: 2017-08-25(中国大陆) / 2017-03-11(西南偏南电影节) / 2017-06-28(英国/美国)<br />\r\n片长: 113分钟 / 112分钟(中国大陆)<br />\r\n又名: 玩命再劫(台) / 宝贝神车手(港) / 娃娃脸司机 / 宝宝车神 / 宝贝司机 / 小司机，带带我(豆友译名) / Drive Baby Drive</p>\r\n\r\n<p>预告片：</p>\r\n\r\n<p><object classid=\"clsid:d27cdb6e-ae6d-11cf-96b8-444553540000\" codebase=\"http://download.macromedia.com/pub/shockwave/cabs/flash/swflash.cab#version=6,0,40,0\" height=\"500\" width=\"700\"><param name=\"allowFullScreen\" value=\"true\" /><param name=\"quality\" value=\"high\" /><param name=\"movie\" value=\"http://player.youku.com/player.php/sid/XMjYzMjI0Nzk1Ng==/v.swf\" /><embed allowfullscreen=\"true\" height=\"500\" pluginspage=\"http://www.macromedia.com/go/getflashplayer\" quality=\"high\" src=\"http://player.youku.com/player.php/sid/XMjYzMjI0Nzk1Ng==/v.swf\" type=\"application/x-shockwave-flash\" width=\"700\"></embed></object></p>\r\n\r\n<p><img alt=\"\" src=\"/static/movieImage/20170828105332.jpg\" style=\"height:599px; width:411px\" title=\"极盗车神 迅雷下载 百度云下载 图1\" /></p>\r\n\r\n<p>&nbsp;</p>\r\n\r\n<p>极盗车神的剧情简介 &middot; &middot; &middot; &middot; &middot; &middot;<br />\r\n　　由英伦鬼才导演埃德加&middot;赖特执导编剧的《极盗车神》，讲述了关于天赋极高的犯罪团伙司机&mdash;&mdash;名为&ldquo;Baby&rdquo;的年轻人的故事。Baby（安塞尔&middot;艾尔高特 Ansel Elgort 饰）专门负责帮银行抢劫犯开车逃脱。Baby因童年的一场事故导致耳疾，要靠专属的音乐来掌控开车节奏。偶然的一次邂逅，他与餐厅女服务生（莉莉&middot;詹姆斯 Lily James 饰）坠入爱河，并想就此金盆洗手。头目老大道哥（凯文&middot;史派西 Kevin Spacey 饰）表示，只要Baby再完成最后一次任务，就可以给他自由。殊不知，巨大的危险和挑战在等待着Baby&hellip;&hellip;</p>\r\n\r\n<p>&nbsp;</p>\r\n\r\n<p><img alt=\"\" src=\"/static/movieImage/20170828105345.jpg\" style=\"height:338px; width:600px\" title=\"极盗车神 迅雷下载 百度云下载 图2\" /></p>\r\n\r\n<p>&nbsp;</p>\r\n\r\n<p>&nbsp;</p>\r\n', 1, '20170828105502.jpg', '极盗车神', '2017-08-28 22:55:02', '极盗车神 迅雷下载 百度云下载');
INSERT INTO `movie` VALUES (47, '<p>导演: 克里斯托弗&middot;诺兰<br />\r\n编剧: 克里斯托弗&middot;诺兰<br />\r\n主演: 菲恩&middot;怀特海德 / 汤姆&middot;格林-卡尼 / 杰克&middot;劳登 / 哈里&middot;斯泰尔斯 / 阿纽林&middot;巴纳德 / 更多...<br />\r\n类型: 剧情 / 历史 / 战争<br />\r\n官方网站: www.dunkirkmovie.com<br />\r\n制片国家/地区: 英国 / 法国 / 美国 / 荷兰<br />\r\n语言: 英语 / 法语 / 德语<br />\r\n上映日期: 2017-09-01(中国大陆) / 2017-07-13(伦敦首映) / 2017-07-21(美国)<br />\r\n片长: 107分钟<br />\r\n又名: 敦刻尔克大撤退 / 敦克尔克大行动(台) / 邓寇克大行动(港)</p>\r\n\r\n<p>预告片：</p>\r\n\r\n<p><object classid=\"clsid:d27cdb6e-ae6d-11cf-96b8-444553540000\" codebase=\"http://download.macromedia.com/pub/shockwave/cabs/flash/swflash.cab#version=6,0,40,0\" height=\"500\" width=\"700\"><param name=\"allowFullScreen\" value=\"true\" /><param name=\"quality\" value=\"high\" /><param name=\"movie\" value=\"http://player.youku.com/player.php/sid/XMjc0MDI0MzEwMA==/v.swf\" /><embed allowfullscreen=\"true\" height=\"500\" pluginspage=\"http://www.macromedia.com/go/getflashplayer\" quality=\"high\" src=\"http://player.youku.com/player.php/sid/XMjc0MDI0MzEwMA==/v.swf\" type=\"application/x-shockwave-flash\" width=\"700\"></embed></object></p>\r\n\r\n<p><img alt=\"\" src=\"/static/movieImage/20170828110359.jpg\" style=\"height:596px; width:405px\" title=\"敦刻尔克 迅雷下载 百度云下载 图1\" /></p>\r\n\r\n<p>敦刻尔克的剧情简介 &middot; &middot; &middot; &middot; &middot; &middot;<br />\r\n　　故事改编自著名的二战军事事件&ldquo;敦刻尔克大撤退&rdquo;。二战初期，40万英法盟军被敌军围困于敦刻尔克的海滩之上，面对敌军步步逼近的绝境，形势万分危急。英国政府和海军发动大批船员，动员人民起来营救军队。&nbsp;<br />\r\n　　英国士兵汤米（菲昂&middot;怀特海德 Fionn Whitehead 饰）在逃离海滩的过程中相继结识吉布森与亚历克斯，同时民用船主道森先生（马克&middot;里朗斯 Mark Rylance 饰）与儿子彼得、17岁少年乔治也离开英国，去往敦刻尔克拯救士兵。三人陆续搭救了海军（基里安&middot;墨菲 Cillian Murphy 饰）、飞行员柯林斯及汤米一行人，而战斗机飞行员法瑞尔（汤姆&middot;哈迪 Tom Hardy 饰）则在被敌人双面夹击的艰难情形下顽强战斗。&nbsp;<br />\r\n　　影片的故事从陆、海、空三个角度讲述，在德国军队的包围下，每个人不得不为自己的命运背水一战，才有可能活着回家。</p>\r\n\r\n<p>&nbsp;</p>\r\n\r\n<p><img alt=\"\" src=\"/static/movieImage/20170828110412.jpg\" style=\"height:273px; width:456px\" title=\"敦刻尔克 迅雷下载 百度云下载 图1\" /></p>\r\n\r\n<p>&nbsp;</p>\r\n\r\n<p><img alt=\"\" src=\"/static/movieImage/20170828110423.jpg\" style=\"height:400px; width:700px\" title=\"敦刻尔克 迅雷下载 百度云下载 图2\" /></p>\r\n\r\n<p>&nbsp;</p>\r\n', 1, '20170828110504.jpg', '敦刻尔克', '2017-08-28 23:05:04', '敦刻尔克 迅雷下载 百度云下载');
INSERT INTO `movie` VALUES (48, '<p>导演: 叶伟信<br />\r\n编剧: 梁礼彦<br />\r\n主演: 古天乐 / 吴樾 / 托尼&middot;贾 / 林家栋 / 克里斯&middot;柯林斯 / 更多...<br />\r\n类型: 剧情 / 动作<br />\r\n制片国家/地区: 香港 / 中国大陆<br />\r\n语言: 粤语<br />\r\n上映日期: 2017-08-17(中国大陆) / 2017-08-25(香港)<br />\r\n片长: 101分钟<br />\r\n又名: 杀破狼3 / Paradox</p>\r\n\r\n<p>预告片：</p>\r\n\r\n<p><object classid=\"clsid:d27cdb6e-ae6d-11cf-96b8-444553540000\" codebase=\"http://download.macromedia.com/pub/shockwave/cabs/flash/swflash.cab#version=6,0,40,0\" height=\"500\" width=\"700\"><param name=\"allowFullScreen\" value=\"true\" /><param name=\"quality\" value=\"high\" /><param name=\"movie\" value=\"http://player.youku.com/player.php/sid/XMjk2NzI1ODgxMg==/v.swf\" /><embed allowfullscreen=\"true\" height=\"500\" pluginspage=\"http://www.macromedia.com/go/getflashplayer\" quality=\"high\" src=\"http://player.youku.com/player.php/sid/XMjk2NzI1ODgxMg==/v.swf\" type=\"application/x-shockwave-flash\" width=\"700\"></embed></object></p>\r\n\r\n<p>&nbsp;</p>\r\n\r\n<p><img alt=\"\" src=\"/static/movieImage/20170828111033.jpg\" style=\"height:597px; width:425px\" title=\"杀破狼·贪狼 迅雷下载 百度云下载 图1\" /></p>\r\n\r\n<p>杀破狼&middot;贪狼的剧情简介 &middot; &middot; &middot; &middot; &middot; &middot;<br />\r\n　　香港警察李忠志（古天乐 饰）得知女儿芝（陈汉娜 饰）于泰国旅游间莫名失踪，即亲赴泰国报警求助。负责案件的华人探员崔杰（吴樾 饰），应允让他一同调查，却想不到李忠志利用媒体呼吁市民提供线索。 一条意外拍下芝被捉走的片段上载至警方网站，却被神秘删除。崔杰即连同好友兼同袍Tak（托尼&middot;贾 饰）同赴寻找片主，却遇神秘人马截足灭证，狭路相逢，展开追截并与之搏斗。李忠志与崔杰两人逐步调查，却发现案中有案，并开始意识凶手背后神秘势力非他们能对付&hellip;&hellip;</p>\r\n\r\n<p>&nbsp;</p>\r\n\r\n<p><img alt=\"\" src=\"/static/movieImage/20170828111045.jpg\" style=\"height:466px; width:700px\" title=\"杀破狼·贪狼 迅雷下载 百度云下载 图2\" /></p>\r\n\r\n<p>&nbsp;</p>\r\n\r\n<p><img alt=\"\" src=\"/static/movieImage/20170828111100.jpg\" style=\"height:399px; width:599px\" title=\"杀破狼·贪狼 迅雷下载 百度云下载 图3\" /></p>\r\n\r\n<p>&nbsp;</p>\r\n\r\n<p>&nbsp;</p>\r\n', 1, '20170828111137.jpg', '杀破狼·贪狼', '2017-08-28 23:11:37', '杀破狼·贪狼 迅雷下载 百度云下载');
INSERT INTO `movie` VALUES (49, '<p>导演: 布莱恩&middot;菲<br />\r\n编剧: 布莱恩&middot;菲 / 本&middot;奎因 / 伊尔&middot;波戴尔 / 乔纳森&middot;E&middot;斯图尔特 / 基尔&middot;默里 / 鲍勃&middot;彼德森 / 迈克&middot;里奇<br />\r\n主演: 欧文&middot;威尔逊 / 克里斯黛拉&middot;阿朗索 / 克里斯&middot;库珀 / 内森&middot;菲利安 / 王牌接线员拉里 / 更多...<br />\r\n类型: 喜剧 / 动画 / 冒险<br />\r\n制片国家/地区: 美国<br />\r\n语言: 英语<br />\r\n上映日期: 2017-08-25(中国大陆) / 2017-06-16(美国)<br />\r\n片长: 102分钟<br />\r\n又名: 反斗车王3(港) / Cars 3：闪电再起(台) / 赛车总动员3 / 汽车总动员3 / 小汽车的故事3 / 飞车正传3</p>\r\n\r\n<p>预告片：</p>\r\n\r\n<p><object classid=\"clsid:d27cdb6e-ae6d-11cf-96b8-444553540000\" codebase=\"http://download.macromedia.com/pub/shockwave/cabs/flash/swflash.cab#version=6,0,40,0\" height=\"500\" width=\"700\"><param name=\"allowFullScreen\" value=\"true\" /><param name=\"quality\" value=\"high\" /><param name=\"movie\" value=\"http://player.youku.com/player.php/sid/XMTgzMDA4ODgyMA==/v.swf\" /><embed allowfullscreen=\"true\" height=\"500\" pluginspage=\"http://www.macromedia.com/go/getflashplayer\" quality=\"high\" src=\"http://player.youku.com/player.php/sid/XMTgzMDA4ODgyMA==/v.swf\" type=\"application/x-shockwave-flash\" width=\"700\"></embed></object></p>\r\n\r\n<p><img alt=\"\" src=\"/static/movieImage/20170829094726.jpg\" style=\"height:536px; width:379px\" title=\"赛车总动员3：极速挑战 迅雷下载 百度云下载 图1\" /></p>\r\n\r\n<p>&nbsp;赛车总动员3：极速挑战的剧情简介 &middot; &middot; &middot; &middot; &middot; &middot;<br />\r\n讲述世界冠军闪电麦坤已成为当代车坛的传奇人物，曾五次夺得活塞杯冠军。但车坛风云突变，新车辈出，这让闪电麦坤的优势受到巨大威胁，更可怕的是，麦坤的自信也日渐瓦解。为了重返巅峰，闪电麦坤背水一战，但他对竞速的热爱，能为其回归之战注满能量吗？而除了麦坤外，影片中还有两位关键角色&mdash;&mdash;酷姐拉米雷兹与黑风暴杰克逊。前者是一个阳光但严厉的赛车技师，将帮助麦坤重回巅峰；后者造型酷炫、速度奇快无比，是新一代赛车中的领跑者，也是麦坤最大的竞争对手。</p>\r\n\r\n<p><img alt=\"\" src=\"/static/movieImage/20170829094741.jpg\" style=\"height:334px; width:503px\" title=\"赛车总动员3：极速挑战 迅雷下载 百度云下载 图2\" /></p>\r\n', 1, '20170829094906.jpg', '赛车总动员3：极速挑战', '2017-08-29 09:49:06', '赛车总动员3：极速挑战 迅雷下载 百度云下载');
INSERT INTO `movie` VALUES (50, '<p>导演: 福田雄一<br />\r\n编剧: 福田雄一 / 空知英秋<br />\r\n主演: 小栗旬 / 菅田将晖 / 桥本环奈 / 柳乐优弥 / 新井浩文 / 更多...<br />\r\n类型: 喜剧 / 动作 / 冒险<br />\r\n官方网站: wwws.warnerbros.co.jp/gintama-film/<br />\r\n制片国家/地区: 日本<br />\r\n语言: 日语<br />\r\n上映日期: 2017-09-01(中国大陆) / 2017-07-14(日本)<br />\r\n片长: 130分钟<br />\r\n又名: 银魂 真人版</p>\r\n\r\n<p><img alt=\"\" src=\"/static/movieImage/20170829035816.jpg\" style=\"height:533px; width:376px\" title=\"银魂 迅雷下载 百度云下载 图1\" /></p>\r\n\r\n<p>&nbsp;银魂的剧情简介 &middot; &middot; &middot; &middot; &middot; &middot;<br />\r\n　　外星异族降临地球后，人类成了&ldquo;二等公民&rdquo;。三个曾反抗外星人失败的伙伴，如今时过境迁境遇各不相同：坂田银时（小栗旬 饰）整日晃晃悠悠没正经、成立了什么业务都接的&ldquo;万事屋&rdquo;；桂小太郎（冈田将生 饰）继续组织着反抗异族的力量、延续对抗；高杉晋助（堂本刚 饰）则变成了憎恨世界的人，为毁灭一切不择手段；一把意外出现的妖刀&ldquo;红樱&rdquo;杀人事件，把曾经一起战斗的三个伙伴重新串联在一起&hellip;&hellip;&nbsp;</p>\r\n\r\n<p><img alt=\"\" src=\"/static/movieImage/20170829035832.jpg\" style=\"height:536px; width:538px\" title=\"银魂 迅雷下载 百度云下载 图2\" /></p>\r\n\r\n<p>&nbsp;</p>\r\n\r\n<p><img alt=\"\" src=\"/static/movieImage/20170829035845.jpg\" style=\"height:357px; width:531px\" title=\"银魂 迅雷下载 百度云下载 图3\" /></p>\r\n\r\n<p>&nbsp;</p>\r\n', 1, '20170829035854.jpg', '银魂', '2017-08-29 15:58:54', '银魂 迅雷下载 百度云下载');
INSERT INTO `movie` VALUES (51, '<p>导演: 阚家伟<br />\r\n主演: 任达华 / 陈小春 / 伍允龙 / 邱意浓 / 张兆辉 / 更多...<br />\r\n类型: 剧情 / 动作 / 犯罪<br />\r\n制片国家/地区: 中国大陆 / 香港<br />\r\n语言: 汉语普通话<br />\r\n上映日期: 2017-09-01(中国大陆)<br />\r\n又名: Color of the Game</p>\r\n\r\n<p><img alt=\"\" src=\"/static/movieImage/20170829040716.jpg\" style=\"height:601px; width:429px\" title=\"黑白迷宫 迅雷下载 百度云下载 图1\" /></p>\r\n\r\n<p>黑白迷宫的剧情简介 &middot; &middot; &middot; &middot; &middot; &middot;<br />\r\n　　社团大哥大华（任达华 饰）通过鸡包（林雪 饰）的安排前去执行非常棘手的社团任务，于是重新召集自己手下最信得过的兄弟阿春（陈小春 饰）、高天（伍允龙 饰）、叉烧（张兆辉 饰）、超人（梁烈唯）以及自己的女儿（邱意浓 饰）一同重出江湖，不料在执行任务时，却一次次失败，遭遇社团和警方的双重围剿，兄弟几人不得不拨开重重迷雾，抓出内鬼，找出真相&hellip;&hellip;&nbsp;</p>\r\n\r\n<p><img alt=\"\" src=\"/static/movieImage/20170829040730.jpg\" style=\"height:400px; width:601px\" title=\"黑白迷宫 迅雷下载 百度云下载 图2\" /></p>\r\n\r\n<p><img alt=\"\" src=\"/static/movieImage/20170829040741.jpg\" style=\"height:395px; width:599px\" title=\"黑白迷宫 迅雷下载 百度云下载 图3\" /></p>\r\n\r\n<p>&nbsp;</p>\r\n', 1, '20170829040750.jpg', '黑白迷宫', '2017-08-29 16:07:50', '黑白迷宫 迅雷下载 百度云下载');
INSERT INTO `movie` VALUES (52, '<p>导演: 卢恒宇 / 李姝洁<br />\r\n编剧: 卢恒宇 / 李姝洁 / 寒舞 / 隋佳林 / 高信影 / 赵聪<br />\r\n主演: 山新 / 郝祥海 / 李姝洁 / 藤新 / 图特哈蒙 / 更多...<br />\r\n类型: 喜剧 / 动画 / 奇幻<br />\r\n制片国家/地区: 中国大陆<br />\r\n语言: 汉语普通话<br />\r\n上映日期: 2017-08-18(中国大陆)<br />\r\n片长: 101分钟<br />\r\n又名: 十冷2 / One Hundred Thousand Bad Jokes II</p>\r\n\r\n<p>预告片：</p>\r\n\r\n<p><object classid=\"clsid:d27cdb6e-ae6d-11cf-96b8-444553540000\" codebase=\"http://download.macromedia.com/pub/shockwave/cabs/flash/swflash.cab#version=6,0,40,0\" height=\"500\" width=\"700\"><param name=\"allowFullScreen\" value=\"true\" /><param name=\"quality\" value=\"high\" /><param name=\"movie\" value=\"http://player.youku.com/player.php/sid/XMjk0OTIxMjc3Ng==/v.swf\" /><embed allowfullscreen=\"true\" height=\"500\" pluginspage=\"http://www.macromedia.com/go/getflashplayer\" quality=\"high\" src=\"http://player.youku.com/player.php/sid/XMjk0OTIxMjc3Ng==/v.swf\" type=\"application/x-shockwave-flash\" width=\"700\"></embed></object></p>\r\n\r\n<p><img alt=\"\" src=\"/static/movieImage/20170829091034.jpg\" style=\"height:597px; width:383px\" title=\"十万个冷笑话2 百度云下载 迅雷下载 图1\" /></p>\r\n\r\n<p>十万个冷笑话2的剧情简介 &middot; &middot; &middot; &middot; &middot; &middot;<br />\r\n　　拥有着强大力量的创世神杖被四大神之一的埃及神拉（李璐 配音）盗走。为了令宇宙免于被毁灭的悲惨命运，希腊神宙斯（藤新 配音）派出了自己的女儿雅典娜（山新 配音）追踪神杖的下落。&nbsp;<br />\r\n　　小金刚（皇贞季 配音）是自幼生长在孤儿院里的平凡少年，常年凭借着机灵的脑瓜靠着坑蒙拐骗赚钱度日，只为了有朝一日身患重病的青梅竹马小青（C小调 配音）能够康复。一次偶然中，小金刚得到了藏有创世神杖下落的藏宝图，随后遭到了雷神托尔（李姝洁 饰）的伏击，在争抢之中，藏宝图被破坏，就这样，小金刚成为了唯一一个知道创世神杖在哪里的凡人。就这样，小金刚、雅典娜、托尔，再加上一个来自东方的脱线河神（郝祥海 饰），一行四人踏上了寻找创世神杖的旅途。</p>\r\n\r\n<p><img alt=\"\" src=\"/static/movieImage/20170829091108.jpg\" style=\"height:249px; width:598px\" title=\"十万个冷笑话2 百度云下载 迅雷下载 图2\" /></p>\r\n\r\n<p>&nbsp;</p>\r\n\r\n<p><img alt=\"\" src=\"/static/movieImage/20170829091120.jpg\" style=\"height:248px; width:595px\" title=\"十万个冷笑话2 百度云下载 迅雷下载 图3\" /></p>\r\n\r\n<p>&nbsp;</p>\r\n', 1, '20170829091206.jpg', '十万个冷笑话2', '2017-08-29 21:12:06', '十万个冷笑话2 百度云下载 迅雷下载');
INSERT INTO `movie` VALUES (53, '<p>导演: 连奕琦<br />\r\n主演: 郭富城 / 王千源 / 刘涛 / 余皑磊 / 冯嘉怡 / 更多...<br />\r\n类型: 动作 / 犯罪<br />\r\n制片国家/地区: 中国大陆<br />\r\n语言: 汉语普通话<br />\r\n上映日期: 2017-08-17(中国大陆)<br />\r\n片长: 112分钟<br />\r\n又名: 肇事者 / 走到尽头 / Peace Breaker</p>\r\n\r\n<p>&nbsp;</p>\r\n\r\n<p>预告片：</p>\r\n\r\n<p><object classid=\"clsid:d27cdb6e-ae6d-11cf-96b8-444553540000\" codebase=\"http://download.macromedia.com/pub/shockwave/cabs/flash/swflash.cab#version=6,0,40,0\" height=\"500\" width=\"700\"><param name=\"allowFullScreen\" value=\"true\" /><param name=\"quality\" value=\"high\" /><param name=\"movie\" value=\"http://player.youku.com/player.php/sid/XMjk3MjQxNTc4NA==/v.swf\" /><embed allowfullscreen=\"true\" height=\"500\" pluginspage=\"http://www.macromedia.com/go/getflashplayer\" quality=\"high\" src=\"http://player.youku.com/player.php/sid/XMjk3MjQxNTc4NA==/v.swf\" type=\"application/x-shockwave-flash\" width=\"700\"></embed></object></p>\r\n\r\n<p><img alt=\"\" src=\"/static/movieImage/20170829091635.jpg\" style=\"height:600px; width:405px\" title=\"破·局 迅雷下载 百度云下载 图1\" /></p>\r\n\r\n<p>破&middot;局的剧情简介 &middot; &middot; &middot; &middot; &middot; &middot;<br />\r\n　　这是高见翔警官生命中最艰难的一天：母亲去世，工作遇阻，还在奔丧时意外撞死了一个人。他本以为可以瞒天过海，没想到一个惊天阴谋在前方等待，令他身陷迷局......</p>\r\n\r\n<p>&nbsp;</p>\r\n\r\n<p><img alt=\"\" src=\"/static/movieImage/20170829091651.jpg\" style=\"height:398px; width:597px\" title=\"破·局 迅雷下载 百度云下载 图2\" /></p>\r\n\r\n<p><img alt=\"\" src=\"/static/movieImage/20170829091705.jpg\" style=\"height:398px; width:598px\" title=\"破·局 迅雷下载 百度云下载 图3\" /></p>\r\n\r\n<p>&nbsp;</p>\r\n', 1, '20170829091736.jpg', '破·局', '2017-08-29 21:17:36', '破·局 迅雷下载 百度云下载');
INSERT INTO `movie` VALUES (54, '<p>导演: 帕特里克&middot;休斯<br />\r\n编剧: 汤姆&middot;奥康纳<br />\r\n主演: 瑞恩&middot;雷诺兹 / 塞缪尔&middot;杰克逊 / 艾洛蒂&middot;袁 / 萨尔玛&middot;海耶克 / 加里&middot;奥德曼 / 更多...<br />\r\n类型: 喜剧 / 动作<br />\r\n制片国家/地区: 美国 / 中国大陆 / 保加利亚 / 荷兰<br />\r\n语言: 英语<br />\r\n上映日期: 2017-09-22(中国大陆) / 2017-08-18(美国)<br />\r\n片长: 118分钟<br />\r\n又名: 杀手的保镖 / 杀手保镖(台) / 保镖救杀手(港)</p>\r\n\r\n<p>预告片：</p>\r\n\r\n<p><object classid=\"clsid:d27cdb6e-ae6d-11cf-96b8-444553540000\" codebase=\"http://download.macromedia.com/pub/shockwave/cabs/flash/swflash.cab#version=6,0,40,0\" height=\"500\" width=\"700\"><param name=\"allowFullScreen\" value=\"true\" /><param name=\"quality\" value=\"high\" /><param name=\"movie\" value=\"http://player.youku.com/player.php/sid/XMjc1NzM3MjM3Mg==/v.swf\" /><embed allowfullscreen=\"true\" height=\"500\" pluginspage=\"http://www.macromedia.com/go/getflashplayer\" quality=\"high\" src=\"http://player.youku.com/player.php/sid/XMjc1NzM3MjM3Mg==/v.swf\" type=\"application/x-shockwave-flash\" width=\"700\"></embed></object></p>\r\n\r\n<p><img alt=\"\" src=\"/static/movieImage/20170829092632.jpg\" style=\"height:597px; width:425px\" title=\"王牌保镖/杀手保镖 迅雷下载 百度云下载 图1\" /></p>\r\n\r\n<p>王牌保镖的剧情简介 &middot; &middot; &middot; &middot; &middot; &middot;<br />\r\n　　影片围绕一个世界头号保镖(雷诺兹饰)与他的职业杀手雇主(杰克逊饰)亡命天涯的故事展开。</p>\r\n\r\n<p><img alt=\"\" src=\"/static/movieImage/20170829092645.jpg\" style=\"height:810px; width:716px\" title=\"王牌保镖/杀手保镖 迅雷下载 百度云下载 图2\" /></p>\r\n\r\n<p>&nbsp;</p>\r\n', 1, '20170829092726.jpg', '王牌保镖/杀手保镖', '2017-08-29 21:27:26', '王牌保镖/杀手保镖 迅雷下载 百度云下载');
INSERT INTO `movie` VALUES (55, '<p>导演: 乔丹&middot;沃格特-罗伯茨<br />\r\n编剧: 麦克思&middot;鲍伦斯坦 / 约翰&middot;盖汀斯 / 丹&middot;吉尔罗伊 / 德里克&middot;康纳利<br />\r\n主演: 汤姆&middot;希德勒斯顿 / 布丽&middot;拉尔森 / 塞缪尔&middot;杰克逊 / 约翰&middot;古德曼 / 景甜 / 更多...<br />\r\n类型: 动作 / 奇幻 / 冒险<br />\r\n制片国家/地区: 美国 / 中国大陆 / 澳大利亚 / 加拿大<br />\r\n语言: 英语 / 越南语 / 日语<br />\r\n上映日期: 2017-03-24(中国大陆) / 2017-02-28(伦敦首映) / 2017-03-10(美国)<br />\r\n片长: 119分钟<br />\r\n又名: Skull Island</p>\r\n\r\n<p>预告片：</p>\r\n\r\n<p><object classid=\"clsid:d27cdb6e-ae6d-11cf-96b8-444553540000\" codebase=\"http://download.macromedia.com/pub/shockwave/cabs/flash/swflash.cab#version=6,0,40,0\" height=\"500\" width=\"700\"><param name=\"allowFullScreen\" value=\"true\" /><param name=\"quality\" value=\"high\" /><param name=\"movie\" value=\"http://player.youku.com/player.php/sid/XMjQ3ODQ0MjEwOA==/v.swf\" /><embed height=\"500\" pluginspage=\"http://www.macromedia.com/go/getflashplayer\" quality=\"high\" src=\"http://player.youku.com/player.php/sid/XMjQ3ODQ0MjEwOA==/v.swf\" type=\"application/x-shockwave-flash\" width=\"700\"></embed></object></p>\r\n\r\n<p><img alt=\"\" src=\"/static/movieImage/20170829093532.jpg\" style=\"height:597px; width:402px\" title=\"金刚：骷髅岛 迅雷下载 百度云下载 图1\" /></p>\r\n\r\n<p>金刚：骷髅岛的剧情简介 &middot; &middot; &middot; &middot; &middot; &middot;<br />\r\n　　上世纪70年代，一支集结了科考队员、探险家、战地摄影记者、军人的探险队，冒险前往南太平洋上的神秘岛屿&mdash;&mdash;骷髅岛。他们的到来惊扰了岛上之神&mdash;&mdash;史上最大金刚。经过一番惨烈的激战之后，探险队员散落在了岛屿各处。此时，队员们才意识到这次探险并不是一次单纯的科考任务，而是去探索怪兽存在的证明。&nbsp;<br />\r\n　　在这片与世隔绝、危险密布的丛林，无数怪异的史前生物暗藏其中，时刻威胁着他们的生命。队员们还遇到了神秘的原始部落，金刚的身世和其守护岛屿的原因也被逐渐揭开，原来，恐怖阴森的骷髅岛上还蛰伏着更凶狠残暴的怪兽&hellip;&hellip;</p>\r\n\r\n<p><img alt=\"\" src=\"/static/movieImage/20170829093544.jpg\" style=\"height:400px; width:599px\" title=\"金刚：骷髅岛 迅雷下载 百度云下载 图2\" /></p>\r\n\r\n<p><img alt=\"\" src=\"/static/movieImage/20170829093555.jpg\" style=\"height:250px; width:601px\" title=\"金刚：骷髅岛 迅雷下载 百度云下载 图3\" /></p>\r\n\r\n<p>&nbsp;</p>\r\n', 1, '20170829093938.jpg', '金刚：骷髅岛', '2017-08-29 21:49:32', '金刚：骷髅岛 迅雷下载 百度云下载');
INSERT INTO `movie` VALUES (56, '<p>导演: 高峰<br />\r\n编剧: 邢原平 / 陈文贵<br />\r\n主演: 刘佩琦 / 曹云金 / 罗昱焜 / 李子雄<br />\r\n类型: 动作 / 历史 / 战争<br />\r\n官方网站: loong.1905.com<br />\r\n制片国家/地区: 中国大陆<br />\r\n语言: 汉语普通话 / 法语<br />\r\n上映日期: 2017-08-04(中国大陆)<br />\r\n片长: 112分钟</p>\r\n\r\n<p>预告片：</p>\r\n\r\n<p><object classid=\"clsid:d27cdb6e-ae6d-11cf-96b8-444553540000\" codebase=\"http://download.macromedia.com/pub/shockwave/cabs/flash/swflash.cab#version=6,0,40,0\" height=\"500\" width=\"700\"><param name=\"allowFullScreen\" value=\"true\" /><param name=\"quality\" value=\"high\" /><param name=\"movie\" value=\"http://player.youku.com/player.php/sid/XMjgxMDYzNjIxMg==/v.swf\" /><embed allowfullscreen=\"true\" height=\"500\" pluginspage=\"http://www.macromedia.com/go/getflashplayer\" quality=\"high\" src=\"http://player.youku.com/player.php/sid/XMjgxMDYzNjIxMg==/v.swf\" type=\"application/x-shockwave-flash\" width=\"700\"></embed></object></p>\r\n\r\n<p><img alt=\"\" src=\"/static/movieImage/20170830090836.jpg\" style=\"height:598px; width:422px\" title=\"龙之战2017 曹云金 百度云下载 迅雷下载 图1\" /></p>\r\n\r\n<p>龙之战的剧情简介 &middot; &middot; &middot; &middot; &middot; &middot;<br />\r\n　　1885年，法军进攻越南凉山，驻守清军不战而退，清朝政府的统治地位遭到威胁，慈禧召集众臣商讨派谁挂帅，最终启用了年近七旬的退隐老将冯子材（刘佩琦 饰），但当时广西军民已被法军的残忍手段吓破胆，有严重畏战情绪。为了激励军民，冯子材出奇兵成功伏击攻克龙临镇的北非雇佣军，生擒黑人上尉克拉克，并当众与其决斗，刀斩悍敌，振奋军心。&nbsp;<br />\r\n　　冯子材亲自勘察地形，修建关前隘，率领人马伏击尼格里的炮弹运输船，不料落入尼格里的陷阱，损失惨重。依南也遭法军生擒，所幸法军驻地的越南女子阮月偷偷放走了她，还给她指引了去找黑旗军将领刘永福的道路。被激怒的尼格里，不等炮弹和援军到来，就对关前隘发动了全面攻击，冯子材持刀率先杀敌，全军振奋，猛烈出击，与法军进行一场惨烈的白刃格斗&hellip;&hellip;</p>\r\n\r\n<p><img alt=\"\" src=\"/static/movieImage/20170830090852.jpg\" style=\"height:598px; width:400px\" title=\"龙之战2017 曹云金 百度云下载 迅雷下载 图2\" /></p>\r\n\r\n<p><img alt=\"\" src=\"/static/movieImage/20170830090903.jpg\" style=\"height:337px; width:600px\" title=\"龙之战2017 曹云金 百度云下载 迅雷下载 图3\" /></p>\r\n\r\n<p><img alt=\"\" src=\"/static/movieImage/20170830090914.jpg\" style=\"height:338px; width:600px\" title=\"龙之战2017 曹云金 百度云下载 迅雷下载 图4\" /></p>\r\n\r\n<p>&nbsp;</p>\r\n', 1, '20170830090941.jpg', '龙之战2017', '2017-08-30 09:09:41', '龙之战2017 曹云金 百度云下载 迅雷下载');
INSERT INTO `movie` VALUES (57, '<p>导演: 谢东燊<br />\r\n编剧: 顾小白 / 李昭 / 曹晨<br />\r\n主演: 廖凡 / 李易峰 / 万茜 / 李纯 / 张国柱 / 更多...<br />\r\n类型: 动作 / 悬疑 / 犯罪<br />\r\n制片国家/地区: 中国大陆<br />\r\n语言: 汉语普通话<br />\r\n上映日期: 2017-08-11(中国大陆)<br />\r\n片长: 110分钟<br />\r\n又名: 心理罪大电影 / Guilty of Mind</p>\r\n\r\n<p>预告片：</p>\r\n\r\n<p><object classid=\"clsid:d27cdb6e-ae6d-11cf-96b8-444553540000\" codebase=\"http://download.macromedia.com/pub/shockwave/cabs/flash/swflash.cab#version=6,0,40,0\" height=\"500\" width=\"700\"><param name=\"allowFullScreen\" value=\"true\" /><param name=\"quality\" value=\"high\" /><param name=\"movie\" value=\"http://player.youku.com/player.php/sid/XMjk1MTUyOTM5Mg==/v.swf\" /><embed allowfullscreen=\"true\" height=\"500\" pluginspage=\"http://www.macromedia.com/go/getflashplayer\" quality=\"high\" src=\"http://player.youku.com/player.php/sid/XMjk1MTUyOTM5Mg==/v.swf\" type=\"application/x-shockwave-flash\" width=\"700\"></embed></object></p>\r\n\r\n<p><img alt=\"\" src=\"/static/movieImage/20170830091853.jpg\" style=\"height:599px; width:428px\" title=\"心理罪2017 李易峰 百度云下载 迅雷下载 图1\" /></p>\r\n\r\n<p>心理罪的剧情简介 &middot; &middot; &middot; &middot; &middot; &middot;<br />\r\n　　一杯人血牛奶，为何会对人产生致命诱惑？&nbsp;<br />\r\n　　什么样的扭曲心理才会为之痴狂，甚至不惜接二连三，连环杀人？&nbsp;<br />\r\n　　非同寻常的杀手，超越常理的罪案，需要非同一般的警探。&nbsp;<br />\r\n　　年轻气盛的犯罪心理学高材生方木（李易峰 饰）出手相助，却被卷入其中；&nbsp;<br />\r\n　　身手不凡的野兽派刑警队长邰伟（廖凡 饰）嫉恶如仇，却难以走出内心泥沼。&nbsp;<br />\r\n　　两人联手，却成绝妙拍档！&nbsp;<br />\r\n　　一场身手的较量，心智的角逐，随之展开&hellip;&hellip;</p>\r\n\r\n<p><img alt=\"\" src=\"/static/movieImage/20170830091910.jpg\" style=\"height:401px; width:598px\" title=\"心理罪2017 李易峰 百度云下载 迅雷下载 图2\" /></p>\r\n\r\n<p><img alt=\"\" src=\"/static/movieImage/20170830091922.jpg\" style=\"height:397px; width:600px\" title=\"心理罪2017 李易峰 百度云下载 迅雷下载 图3\" /></p>\r\n\r\n<p>&nbsp;</p>\r\n', 1, '20170830091946.jpg', '心理罪2017', '2017-08-30 09:19:46', '心理罪2017 李易峰 百度云下载 迅雷下载');
INSERT INTO `movie` VALUES (58, '<p>导演: 凯尔&middot;巴尔达 / 皮埃尔&middot;科凡 / 埃里克&middot;吉伦<br />\r\n编剧: 辛科&middot;保罗 / 肯&middot;道里欧<br />\r\n主演: 史蒂夫&middot;卡瑞尔 / 克里斯汀&middot;韦格 / 崔&middot;帕克 / 米兰达&middot;卡斯格拉夫 / 达纳&middot;盖尔 / 更多...<br />\r\n类型: 喜剧 / 动画 / 冒险<br />\r\n制片国家/地区: 美国<br />\r\n语言: 英语<br />\r\n上映日期: 2017-07-07(中国大陆) / 2017-06-14(安锡动画电影节) / 2017-06-30(美国)<br />\r\n片长: 90分钟<br />\r\n又名: 卑鄙的我3 / 坏蛋奖门人3(港) / 神偷奶爸3之小小兵</p>\r\n\r\n<p>预告片：</p>\r\n\r\n<p><object classid=\"clsid:d27cdb6e-ae6d-11cf-96b8-444553540000\" codebase=\"http://download.macromedia.com/pub/shockwave/cabs/flash/swflash.cab#version=6,0,40,0\" height=\"500\" width=\"700\"><param name=\"allowFullScreen\" value=\"true\" /><param name=\"quality\" value=\"high\" /><param name=\"movie\" value=\"http://player.youku.com/player.php/sid/XMjcxNDU2NTk0OA==/v.swf\" /><embed allowfullscreen=\"true\" height=\"500\" pluginspage=\"http://www.macromedia.com/go/getflashplayer\" quality=\"high\" src=\"http://player.youku.com/player.php/sid/XMjcxNDU2NTk0OA==/v.swf\" type=\"application/x-shockwave-flash\" width=\"700\"></embed></object></p>\r\n\r\n<p><img alt=\"\" src=\"/static/movieImage/20170830092804.jpg\" style=\"height:597px; width:419px\" title=\"神偷奶爸3 百度云下载 迅雷下载 图1\" /></p>\r\n\r\n<p>神偷奶爸3的剧情简介 &middot; &middot; &middot; &middot; &middot; &middot;<br />\r\n　　《神偷奶爸3》将延续前两部的温馨、搞笑风格，聚焦格鲁和露西的婚后生活，继续讲述格鲁和三个女儿的爆笑故事。&ldquo;恶棍&rdquo;奶爸格鲁将会如何对付大反派巴萨扎&middot;布莱德，调皮可爱的小黄人们又会如何耍贱卖萌，无疑让全球观众万分期待。该片配音也最大程度沿用前作阵容，史蒂夫&middot;卡瑞尔继续为男主角格鲁配音，皮埃尔&middot;柯芬也将继续为经典角色小黄人配音，而新角色巴萨扎&middot;布莱德则由《南方公园》主创元老崔&middot;帕克为其配音。</p>\r\n\r\n<p><img alt=\"\" src=\"/static/movieImage/20170830092818.jpg\" style=\"height:247px; width:599px\" title=\"神偷奶爸3 百度云下载 迅雷下载 图2\" /></p>\r\n\r\n<p><img alt=\"\" src=\"/static/movieImage/20170830092828.jpg\" style=\"height:251px; width:601px\" title=\"神偷奶爸3 百度云下载 迅雷下载 图3\" /></p>\r\n\r\n<p>&nbsp;</p>\r\n', 1, '20170830092915.jpg', '神偷奶爸3', '2017-08-30 09:29:15', '神偷奶爸3 百度云下载 迅雷下载');
INSERT INTO `movie` VALUES (59, '<p>导演: 迈克尔&middot;贝<br />\r\n编剧: 阿特&middot;马库姆 / 马特&middot;霍洛维 / 肯&middot;诺兰 / 阿齐瓦&middot;高斯曼<br />\r\n主演: 马克&middot;沃尔伯格 / 伊莎贝拉&middot;莫奈 / 劳拉&middot;哈德克 / 安东尼&middot;霍普金斯 / 乔什&middot;杜哈明 / 更多...<br />\r\n类型: 动作 / 科幻<br />\r\n官方网站: www.transformersmovie.com<br />\r\n制片国家/地区: 美国<br />\r\n语言: 英语<br />\r\n上映日期: 2017-06-23(中国大陆) / 2017-06-21(美国)<br />\r\n片长: 149分钟 / 150分钟(中国大陆)<br />\r\n又名: 变形金刚：终极战士(港) / 变形金刚5：最终骑士(台) / 变形金刚5 / 变5 / Transformers 5</p>\r\n\r\n<p>预告片：</p>\r\n\r\n<p><object classid=\"clsid:d27cdb6e-ae6d-11cf-96b8-444553540000\" codebase=\"http://download.macromedia.com/pub/shockwave/cabs/flash/swflash.cab#version=6,0,40,0\" height=\"500\" width=\"700\"><param name=\"allowFullScreen\" value=\"true\" /><param name=\"quality\" value=\"high\" /><param name=\"movie\" value=\"http://player.youku.com/player.php/sid/XMTU3NTk1MjgyOA==/v.swf\" /><embed allowfullscreen=\"true\" height=\"500\" pluginspage=\"http://www.macromedia.com/go/getflashplayer\" quality=\"high\" src=\"http://player.youku.com/player.php/sid/XMTU3NTk1MjgyOA==/v.swf\" type=\"application/x-shockwave-flash\" width=\"700\"></embed></object></p>\r\n\r\n<p><img alt=\"\" src=\"/static/movieImage/20170830110727.jpg\" style=\"height:599px; width:406px\" title=\"变形金刚5：最后的骑士 迅雷下载 百度云下载 图1\" /></p>\r\n\r\n<p>变形金刚5：最后的骑士的剧情简介 &middot; &middot; &middot; &middot; &middot; &middot;<br />\r\n　　《变形金刚5：最后的骑士》打破了《变形金刚》系列的核心故事，重新定义了人们心目中的英雄形象。人类和变形金刚开战，擎天柱失踪，拯救未来的关键就埋藏在历史的秘密之中，那是地球上变形金刚的历史。拯救世界的责任落在一支非同寻常的队伍身上：凯德&middot;伊格尔（马克&middot;沃尔伯格饰）、大黄蜂、一位英国爵士（安东尼&middot;霍普金斯饰）还有一位牛津大学教授（劳拉&middot;哈德克饰）。&nbsp;<br />\r\n　　每个人一生中都会遇到这样一个时刻，它召唤着我们去改变世界。在《变形金刚5：最后的骑士》中，一直被追捕的人将成为英雄，英雄会变成反派。我们和他们的世界，只能存活一个。</p>\r\n\r\n<p><img alt=\"\" src=\"/static/movieImage/20170830110740.jpg\" style=\"height:282px; width:600px\" title=\"变形金刚5：最后的骑士 迅雷下载 百度云下载 图2\" /></p>\r\n\r\n<p><img alt=\"\" src=\"/static/movieImage/20170830110751.jpg\" style=\"height:250px; width:599px\" title=\"变形金刚5：最后的骑士 迅雷下载 百度云下载 图3\" /></p>\r\n\r\n<p><img alt=\"\" src=\"/static/movieImage/20170830110803.jpg\" style=\"height:308px; width:599px\" title=\"变形金刚5：最后的骑士 迅雷下载 百度云下载 图4\" /></p>\r\n\r\n<p><img alt=\"\" src=\"/static/filmImage/20170830110814.jpg\" style=\"height:313px; width:598px\" title=\"变形金刚5：最后的骑士 迅雷下载 百度云下载 图5\" /></p>\r\n\r\n<p>&nbsp;</p>\r\n', 1, '20170830110850.jpg', '变形金刚5：最后的骑士', '2017-08-30 11:08:50', '变形金刚5：最后的骑士 迅雷下载 百度云下载');
INSERT INTO `movie` VALUES (60, '<p>导演: 艾斯彭&middot;山德伯格 / 乔阿吉姆&middot;罗恩尼<br />\r\n编剧: 特里&middot;鲁西奥 / 泰德&middot;艾略特 / 斯图尔特&middot;贝亚蒂耶 / 杰夫&middot;内桑森 / 杰&middot;沃尔伯特<br />\r\n主演: 约翰尼&middot;德普 / 哈维尔&middot;巴登 / 杰弗里&middot;拉什 / 布伦顿&middot;思韦茨 / 卡雅&middot;斯考达里奥 / 更多...<br />\r\n类型: 动作 / 奇幻 / 冒险<br />\r\n制片国家/地区: 美国<br />\r\n语言: 英语<br />\r\n上映日期: 2017-05-26(中国大陆/美国)<br />\r\n片长: 129分钟<br />\r\n又名: 加勒比海盗：恶灵启航(港) / 加勒比海盗 神鬼奇航：死无对证(台) / 加勒比海盗5：亡灵的缄默 / 加勒比海盗5：亡者无言 / 加勒比海盗5：死人不会告密 / Pirates of the Caribbean 5</p>\r\n\r\n<p>预告片：</p>\r\n\r\n<p><object classid=\"clsid:d27cdb6e-ae6d-11cf-96b8-444553540000\" codebase=\"http://download.macromedia.com/pub/shockwave/cabs/flash/swflash.cab#version=6,0,40,0\" height=\"500\" width=\"700\"><param name=\"allowFullScreen\" value=\"true\" /><param name=\"quality\" value=\"high\" /><param name=\"movie\" value=\"http://player.youku.com/player.php/sid/XMjUwMDYxOTY4MA==/v.swf\" /><embed allowfullscreen=\"true\" height=\"500\" pluginspage=\"http://www.macromedia.com/go/getflashplayer\" quality=\"high\" src=\"http://player.youku.com/player.php/sid/XMjUwMDYxOTY4MA==/v.swf\" type=\"application/x-shockwave-flash\" width=\"700\"></embed></object></p>\r\n\r\n<p><img alt=\"\" src=\"/static/movieImage/20170830111538.jpg\" style=\"height:599px; width:423px\" title=\"加勒比海盗5：死无对证 百度云下载 迅雷下载 图1\" /></p>\r\n\r\n<p>加勒比海盗5：死无对证的剧情简介 &middot; &middot; &middot; &middot; &middot; &middot;<br />\r\n　　故事发生在《加勒比海盗3：世界的尽头》沉船湾之战20年后。 男孩亨利（布兰顿&middot;思怀兹 Brenton Thwaites 饰）随英国海军出航寻找被聚魂棺诅咒的父亲&ldquo;深海阎王&rdquo;威尔&middot;特纳（奥兰多&middot;布鲁姆 Orlando Bloom 饰），却在百慕大三角遭遇被解封的亡灵萨拉查船长（哈维尔&middot;巴登 Javier Bardem 饰）。获取自由的萨拉查屠尽加勒比海盗，征服了整个海域，手刃了&ldquo;黑胡子&rdquo;爱德华&middot;蒂奇（伊恩&middot;麦柯肖恩 Ian McShane 饰）的里海海盗王赫克托&middot;巴博萨船长（杰弗里&middot;拉什 Geoffrey Rush 饰）在女巫Haifaa Meni(格什菲&middot;法拉哈尼 Golshifteh Farahani 饰)口中得知了萨拉查的真实目的：为寻找他的宿敌杰克船长（约翰尼&middot;德普 Johnny Depp 饰）。海盗的命运皆压在落魄的老杰克被封印的黑珍珠号，以及天文学家卡琳娜&middot;史密斯（卡雅&middot;斯考达里奥 Kaya Scodelario 饰）口中的远古三叉戟上。</p>\r\n\r\n<p><img alt=\"\" src=\"/static/movieImage/20170830111550.jpg\" style=\"height:383px; width:601px\" title=\"加勒比海盗5：死无对证 百度云下载 迅雷下载 图2\" /></p>\r\n\r\n<p><img alt=\"\" src=\"/static/movieImage/20170830111602.jpg\" style=\"height:400px; width:599px\" title=\"加勒比海盗5：死无对证 百度云下载 迅雷下载 图3\" /></p>\r\n\r\n<p><img alt=\"\" src=\"/static/movieImage/20170830111613.jpg\" style=\"height:249px; width:601px\" title=\"加勒比海盗5：死无对证 百度云下载 迅雷下载 图4\" /></p>\r\n\r\n<p>&nbsp;</p>\r\n', 1, '20170830111656.jpg', '加勒比海盗5：死无对证', '2017-08-30 11:16:56', '加勒比海盗5：死无对证 百度云下载 迅雷下载');
INSERT INTO `movie` VALUES (61, '<p>导演: 保罗&middot;安德森<br />\r\n编剧: 保罗&middot;安德森<br />\r\n主演: 米拉&middot;乔沃维奇 / 伊恩&middot;格雷 / 艾丽&middot;拉特 / 鲁比&middot;罗丝 / 李准基 / 更多...<br />\r\n类型: 动作 / 科幻 / 恐怖<br />\r\n官方网站: www.sonypictures.com/movies/residentevilthefinalchapter/<br />\r\n制片国家/地区: 美国<br />\r\n语言: 英语<br />\r\n上映日期: 2017-02-24(中国大陆) / 2016-12-23(日本) / 2017-01-27(美国)<br />\r\n片长: 106分钟(美国) / 99分钟(中国大陆)<br />\r\n又名: 恶灵古堡6：最终章(台) / 生化危机6 / Resident Evil: Rising / Resident Evil 6</p>\r\n\r\n<p>预告片：</p>\r\n\r\n<p><object classid=\"clsid:d27cdb6e-ae6d-11cf-96b8-444553540000\" codebase=\"http://download.macromedia.com/pub/shockwave/cabs/flash/swflash.cab#version=6,0,40,0\" height=\"500\" width=\"700\"><param name=\"allowFullScreen\" value=\"true\" /><param name=\"quality\" value=\"high\" /><param name=\"movie\" value=\"http://player.youku.com/player.php/sid/XMjQ5NzgwNDA5Mg==/v.swf\" /><embed allowfullscreen=\"true\" height=\"500\" pluginspage=\"http://www.macromedia.com/go/getflashplayer\" quality=\"high\" src=\"http://player.youku.com/player.php/sid/XMjQ5NzgwNDA5Mg==/v.swf\" type=\"application/x-shockwave-flash\" width=\"700\"></embed></object></p>\r\n\r\n<p><img alt=\"\" src=\"/static/movieImage/20170830113334.jpg\" style=\"height:599px; width:425px\" title=\"生化危机：终章 迅雷下载 百度云下载 图1\" /></p>\r\n\r\n<p>生化危机：终章的剧情简介 &middot; &middot; &middot; &middot; &middot; &middot;<br />\r\n　　爱丽丝（米拉&middot;乔沃维奇 Milla Jovovich 饰）在华盛顿特区被威斯克背叛后身陷险境，人类几乎要失去最后的希望。作为唯一的幸存者，也是人类对抗僵尸大军的最后防线，爱丽丝必须回到噩梦开始的地方&mdash;&mdash;浣熊市，才能完成拯救世界救赎人类的正义使命。回归故事发生的起点浣熊市，爱丽丝将和昔日的朋友一起对抗僵尸和最新变种怪物，与 保护伞公司展开了一场惊心动魄的终极决战。</p>\r\n\r\n<p><img alt=\"\" src=\"/static/movieImage/20170830113345.jpg\" style=\"height:250px; width:601px\" title=\"生化危机：终章 迅雷下载 百度云下载 图2\" /></p>\r\n\r\n<p><img alt=\"\" src=\"/static/movieImage/20170830113356.jpg\" style=\"height:395px; width:598px\" title=\"生化危机：终章 迅雷下载 百度云下载 图3\" /></p>\r\n\r\n<p><img alt=\"\" src=\"/static/movieImage/20170830113406.jpg\" style=\"height:251px; width:601px\" title=\"生化危机：终章 迅雷下载 百度云下载 图4\" /></p>\r\n', 1, '20170830113438.jpg', '生化危机：终章', '2017-08-30 11:34:38', '生化危机：终章 迅雷下载 百度云下载');

-- ----------------------------
-- Table structure for movie_detail
-- ----------------------------
DROP TABLE IF EXISTS `movie_detail`;
CREATE TABLE `movie_detail`  (
  `id` int(11) NOT NULL AUTO_INCREMENT COMMENT '电影动态id',
  `info` varchar(1000) CHARACTER SET utf8 COLLATE utf8_general_ci NULL DEFAULT NULL COMMENT '详情信息',
  `movie_id` int(11) NULL DEFAULT NULL COMMENT '电影id',
  `website_id` int(11) NULL DEFAULT NULL COMMENT '网站id',
  `url` varchar(500) CHARACTER SET utf8 COLLATE utf8_general_ci NULL DEFAULT NULL COMMENT '电影网址',
  `publish_date` datetime(0) NULL DEFAULT NULL COMMENT '发布日期',
  PRIMARY KEY (`id`) USING BTREE,
  INDEX `FKne781u26iw632kyv2uoki21ku`(`movie_id`) USING BTREE,
  INDEX `FK682p05u4fauk9t3mac6yt0vu8`(`website_id`) USING BTREE,
  CONSTRAINT `FK682p05u4fauk9t3mac6yt0vu8` FOREIGN KEY (`website_id`) REFERENCES `website` (`id`) ON DELETE RESTRICT ON UPDATE RESTRICT,
  CONSTRAINT `FKne781u26iw632kyv2uoki21ku` FOREIGN KEY (`movie_id`) REFERENCES `movie` (`id`) ON DELETE RESTRICT ON UPDATE RESTRICT
) ENGINE = InnoDB AUTO_INCREMENT = 56 CHARACTER SET = utf8 COLLATE = utf8_general_ci COMMENT = '电影动态表' ROW_FORMAT = Dynamic;

-- ----------------------------
-- Records of movie_detail
-- ----------------------------
INSERT INTO `movie_detail` VALUES (17, '悟空传 迅雷下载 ', 39, 3, 'http://www.dytt8.net/html/gndy/dyzz/20170822/54805.html', '2017-08-28 20:53:14');
INSERT INTO `movie_detail` VALUES (18, '银河护卫队2 迅雷下载', 40, 3, 'http://www.dytt8.net/html/gndy/dyzz/20170809/54723.html', '2017-08-28 20:56:12');
INSERT INTO `movie_detail` VALUES (19, '巴霍巴利王(下) 迅雷下载', 41, 3, 'http://www.dytt8.net/html/gndy/dyzz/20170806/54695.html', '2017-08-28 21:03:44');
INSERT INTO `movie_detail` VALUES (20, '异形：契约 迅雷下载', 42, 3, 'http://www.dytt8.net/html/gndy/dyzz/20170802/54640.html', '2017-08-28 21:14:51');
INSERT INTO `movie_detail` VALUES (21, '战狼2 预告片', 43, 1, 'http://v.youku.com/v_show/id_XMjg4NjY3MjA4NA==.html?spm=a2h0k.8191407.0.0&from=s1.8-1-1.1#paction', '2017-08-28 21:22:45');
INSERT INTO `movie_detail` VALUES (22, '银河护卫队2 迅雷下载', 40, 18, 'http://www.piaohua.com/html/kehuan/2017/0809/32228.html', '2017-08-28 22:29:49');
INSERT INTO `movie_detail` VALUES (23, '惊天解密 迅雷下载', 44, 3, 'http://www.dytt8.net/html/gndy/dyzz/20170827/54851.html', '2017-08-28 22:37:58');
INSERT INTO `movie_detail` VALUES (24, '惊天解密 迅雷下载', 44, 18, 'http://www.piaohua.com/html/dongzuo/2017/0827/32282.html', '2017-08-28 22:38:31');
INSERT INTO `movie_detail` VALUES (26, '星际特工：千星之城 预告片', 45, 2, 'http://www.iqiyi.com/w_19ru2t2jit.html', '2017-08-28 22:45:48');
INSERT INTO `movie_detail` VALUES (28, '星际特工：千星之城 TS迅雷下载', 45, 19, 'http://www.101yingyuan.com/vod/id28554.html', '2017-08-28 22:49:55');
INSERT INTO `movie_detail` VALUES (29, '极盗车神 预告片', 46, 1, 'http://player.youku.com/player.php/sid/XMjYzMjI0Nzk1Ng==/v.swf', '2017-08-28 22:57:30');
INSERT INTO `movie_detail` VALUES (30, '极盗车神 TS迅雷下载', 46, 19, 'http://www.101yingyuan.com/vod/id33863.html', '2017-08-28 23:01:13');
INSERT INTO `movie_detail` VALUES (31, '敦刻尔克 预告片', 47, 1, 'http://v.youku.com/v_show/id_XMjg4MDkzNjg0MA==.html?from=y1.2-2.2', '2017-08-28 23:07:08');
INSERT INTO `movie_detail` VALUES (32, '杀破狼·贪狼 预告片', 48, 1, 'http://v.youku.com/v_show/id_XMjk2NzI1ODgxMg==.html?spm=a2h0k.8191407.0.0&from=s1.8-1-1.1#paction', '2017-08-28 23:12:07');
INSERT INTO `movie_detail` VALUES (33, '杀破狼·贪狼 TS 在线观看', 48, 20, 'http://www.xunleige.com/dongzuo/shapolangtanlangxiazai/player-4-0.html', '2017-08-28 23:16:19');
INSERT INTO `movie_detail` VALUES (34, '赛车总动员3：极速挑战 预告片', 49, 1, 'http://v.youku.com/v_show/id_XMTgzMDA4ODgyMA==.html?spm=a2h1n.8261147.0.0#paction', '2017-08-29 09:52:27');
INSERT INTO `movie_detail` VALUES (35, '战狼2 TS迅雷下载', 43, 21, 'http://www.2011mv.com/res/11985/', '2017-08-29 14:43:57');
INSERT INTO `movie_detail` VALUES (36, '银魂 预告片', 50, 1, 'http://v.youku.com/v_show/id_XMjk2MDY2NTYxNg==.html?spm=a2h0k.8191407.0.0&from=s1.8-1-1.1#paction', '2017-08-29 16:02:31');
INSERT INTO `movie_detail` VALUES (37, '黑白迷宫 预告片', 51, 1, 'http://v.youku.com/v_show/id_XMjk4MTcwMjc0OA==.html?spm=a2h0k.8191407.0.0&from=s1.8-1-1.1', '2017-08-29 16:08:24');
INSERT INTO `movie_detail` VALUES (38, '十万个冷笑话2 预告片', 52, 1, 'http://v.youku.com/v_show/id_XMjk0OTIxMjc3Ng==.html?spm=a2h0k.8191407.0.0&from=s1.8-1-1.1#paction', '2017-08-29 21:12:30');
INSERT INTO `movie_detail` VALUES (39, '破·局 预告片', 53, 1, 'http://v.youku.com/v_show/id_XMjk3MjQxNTc4NA==.html?spm=a2h0k.8191407.0.0&from=s1.8-1-1.1#paction', '2017-08-29 21:17:59');
INSERT INTO `movie_detail` VALUES (40, '王牌保镖/杀手保镖 预告片', 54, 1, 'http://v.youku.com/v_show/id_XMjc1NzM3MjM3Mg==.html?spm=a2h0k.8191407.0.0&from=s1.8-1-1.1#paction', '2017-08-29 21:27:50');
INSERT INTO `movie_detail` VALUES (41, '王牌保镖/杀手保镖 迅雷下载', 54, 3, 'http://www.dytt8.net/html/gndy/dyzz/20170829/54866.html', '2017-08-29 21:28:16');
INSERT INTO `movie_detail` VALUES (42, '金刚：骷髅岛 预告片', 55, 1, 'http://v.youku.com/v_show/id_XMjQ3ODQ0MjEwOA==.html?spm=a2h0k.8191407.0.0&from=s1.8-3-1.1#paction', '2017-08-29 21:36:54');
INSERT INTO `movie_detail` VALUES (43, '金刚：骷髅岛 迅雷下载', 55, 18, 'http://www.piaohua.com/html/dongzuo/2017/0409/31921.html?jdfwkey=b7jbs2', '2017-08-29 21:38:43');
INSERT INTO `movie_detail` VALUES (44, '龙之战2017 预告片', 56, 1, 'http://v.youku.com/v_show/id_XMjgxMDYzNjIxMg==.html?spm=a2h0k.8191407.0.0&from=s1.8-1-1.1#paction', '2017-08-30 09:10:28');
INSERT INTO `movie_detail` VALUES (45, '心理罪2017 预告片', 57, 1, 'http://v.youku.com/v_show/id_XMjk1MTUyOTM5Mg==.html?spm=a2h0k.8191407.0.0&from=s1.8-1-1.1#paction', '2017-08-30 09:20:26');
INSERT INTO `movie_detail` VALUES (46, '神偷奶爸3 预告片', 58, 1, 'http://v.youku.com/v_show/id_XMjcxNDU2NTk0OA==.html?spm=a2h0k.8191407.0.0&from=s1.8-1-1.1#paction', '2017-08-30 09:29:52');
INSERT INTO `movie_detail` VALUES (47, '悟空传 优酷付费在线播放', 39, 1, 'http://v.youku.com/v_show/id_XMjk3ODcwNzgzMg==.html?spm=a2hmv.20009921.posterMovieGrid86981.5~5~5~1~3!2~A', '2017-08-30 10:59:11');
INSERT INTO `movie_detail` VALUES (48, '变形金刚5：最后的骑士 预告片', 59, 1, 'http://v.youku.com/v_show/id_XMjY5ODY5OTI5Mg==.html?from=y1.2-2.2', '2017-08-30 11:09:28');
INSERT INTO `movie_detail` VALUES (49, '变形金刚5：最后的骑士 付费在线观看', 59, 22, 'https://v.qq.com/x/cover/dwt56ndspm9xm89.html', '2017-08-30 11:10:27');
INSERT INTO `movie_detail` VALUES (50, '变形金刚5：最后的骑士 迅雷下载', 59, 19, 'http://www.101yingyuan.com/vod/id30065.html', '2017-08-30 11:10:52');
INSERT INTO `movie_detail` VALUES (51, '加勒比海盗5：死无对证 预告片', 60, 1, 'http://v.youku.com/v_show/id_XMjUwMDYxOTY4MA==.html?spm=a2h0k.8191407.0.0&from=s1.8-1-1.1#paction', '2017-08-30 11:17:23');
INSERT INTO `movie_detail` VALUES (52, '加勒比海盗5：死无对证 TS 迅雷下载', 60, 23, 'http://www.kaixindy.com/video/417887.html', '2017-08-30 11:20:01');
INSERT INTO `movie_detail` VALUES (53, '加勒比海盗5：死无对证 迅雷下载', 60, 24, 'http://www.mmet.cn/11358.html', '2017-08-30 11:22:19');
INSERT INTO `movie_detail` VALUES (54, '生化危机：终章 预告片', 61, 1, 'http://v.youku.com/v_show/id_XMjQ5NzgwNDA5Mg==.html?spm=a2h0k.8191407.0.0&from=s1.8-3-1.1#paction', '2017-08-30 11:35:05');
INSERT INTO `movie_detail` VALUES (55, '生化危机：终章 迅雷下载', 61, 3, 'http://www.dy2018.com/i/97824.html', '2017-08-30 11:36:04');

-- ----------------------------
-- Table structure for website
-- ----------------------------
DROP TABLE IF EXISTS `website`;
CREATE TABLE `website`  (
  `id` int(11) NOT NULL AUTO_INCREMENT COMMENT '网站信息id',
  `name` varchar(100) CHARACTER SET utf8 COLLATE utf8_general_ci NULL DEFAULT NULL COMMENT '网站名',
  `url` varchar(300) CHARACTER SET utf8 COLLATE utf8_general_ci NULL DEFAULT NULL COMMENT '网站地址',
  PRIMARY KEY (`id`) USING BTREE
) ENGINE = InnoDB AUTO_INCREMENT = 25 CHARACTER SET = utf8 COLLATE = utf8_general_ci COMMENT = '网站信息表' ROW_FORMAT = Dynamic;

-- ----------------------------
-- Records of website
-- ----------------------------
INSERT INTO `website` VALUES (1, '优酷电影', 'http://movie.youku.com/');
INSERT INTO `website` VALUES (2, '爱奇艺电影', 'http://www.iqiyi.com/dianying/');
INSERT INTO `website` VALUES (3, '电影天堂', 'http://www.dy2018.com/');
INSERT INTO `website` VALUES (4, '电影网', 'http://www.1905.com/');
INSERT INTO `website` VALUES (18, '飘花电影网', 'http://www.piaohua.com/');
INSERT INTO `website` VALUES (19, '101影院', 'http://www.101yingyuan.com');
INSERT INTO `website` VALUES (20, '迅雷哥', 'http://www.xunleige.com/');
INSERT INTO `website` VALUES (21, '夕阳小站', 'http://www.2011mv.com/');
INSERT INTO `website` VALUES (22, '腾讯电影', 'https://v.qq.com');
INSERT INTO `website` VALUES (23, '海阔天空', 'http://www.kaixindy.com');
INSERT INTO `website` VALUES (24, '分享吧', 'http://www.mmet.cn');

SET FOREIGN_KEY_CHECKS = 1;
